[{"model": "account.profile", "pk": 1, "fields": {"user": 1, "first_name": "", "photo": "", "email": ""}}, {"model": "account.profile", "pk": 2, "fields": {"user": 2, "first_name": "", "photo": "", "email": ""}}, {"model": "account.profile", "pk": 3, "fields": {"user": 3, "first_name": "", "photo": "", "email": ""}}, {"model": "account.profile", "pk": 4, "fields": {"user": 5, "first_name": "", "photo": "", "email": ""}}, {"model": "account.profile", "pk": 5, "fields": {"user": 6, "first_name": "", "photo": "", "email": ""}}, {"model": "account.profile", "pk": 6, "fields": {"user": 7, "first_name": "Damir", "photo": "", "email": "damirjan2000@yandex.ru"}}, {"model": "account.profile", "pk": 7, "fields": {"user": 8, "first_name": "", "photo": "", "email": ""}}, {"model": "admin.logentry", "pk": 1, "fields": {"action_time": "2023-07-05T17:16:09.839Z", "user": 1, "content_type": 10, "object_id": "1", "object_repr": "Python #1", "action_flag": 1, "change_message": "[{\"added\": {}}, {\"added\": {\"name\": \"question\", \"object\": \"Choise Yes, SC\"}}, {\"added\": {\"name\": \"question\", \"object\": \"Print 3, WR\"}}, {\"added\": {\"name\": \"question\", \"object\": \"All yes, MC\"}}, {\"added\": {\"name\": \"question\", \"object\": \"Print 2, WR\"}}, {\"added\": {\"name\": \"question\", \"object\": \"Choise Yes, SC\"}}]"}}, {"model": "admin.logentry", "pk": 2, "fields": {"action_time": "2023-07-05T17:16:32.642Z", "user": 1, "content_type": 11, "object_id": "1", "object_repr": "Choise Yes, SC", "action_flag": 2, "change_message": "[{\"added\": {\"name\": \"answer\", \"object\": \"Yes Correct: True\"}}, {\"added\": {\"name\": \"answer\", \"object\": \"Hahahahah Correct: False\"}}, {\"added\": {\"name\": \"answer\", \"object\": \"Nooo Correct: False\"}}]"}}, {"model": "admin.logentry", "pk": 3, "fields": {"action_time": "2023-07-05T17:17:49.455Z", "user": 1, "content_type": 11, "object_id": "2", "object_repr": "What is a tesult of code below?, WR", "action_flag": 2, "change_message": "[{\"changed\": {\"fields\": [\"Prompt\"]}}, {\"added\": {\"name\": \"code\", \"object\": \"#comment string\\r\\npri\"}}, {\"added\": {\"name\": \"answer\", \"object\": \"3 Correct: False\"}}]"}}, {"model": "admin.logentry", "pk": 4, "fields": {"action_time": "2023-07-05T17:18:26.469Z", "user": 1, "content_type": 11, "object_id": "3", "object_repr": "All yes, MC", "action_flag": 2, "change_message": "[{\"added\": {\"name\": \"answer\", \"object\": \"Yes Correct: True\"}}, {\"added\": {\"name\": \"answer\", \"object\": \"yes Correct: True\"}}, {\"added\": {\"name\": \"answer\", \"object\": \"no Correct: False\"}}, {\"added\": {\"name\": \"answer\", \"object\": \"Oh, no Correct: False\"}}, {\"added\": {\"name\": \"answer\", \"object\": \"Yes Correct: True\"}}]"}}, {"model": "admin.logentry", "pk": 5, "fields": {"action_time": "2023-07-05T17:18:36.696Z", "user": 1, "content_type": 11, "object_id": "4", "object_repr": "Print 2, WR", "action_flag": 2, "change_message": "[{\"added\": {\"name\": \"answer\", \"object\": \"2 Correct: True\"}}]"}}, {"model": "admin.logentry", "pk": 6, "fields": {"action_time": "2023-07-05T17:18:43.401Z", "user": 1, "content_type": 11, "object_id": "2", "object_repr": "What is a tesult of code below?, WR", "action_flag": 2, "change_message": "[{\"changed\": {\"name\": \"answer\", \"object\": \"3 Correct: True\", \"fields\": [\"Correct\"]}}]"}}, {"model": "admin.logentry", "pk": 7, "fields": {"action_time": "2023-07-05T17:19:06.971Z", "user": 1, "content_type": 11, "object_id": "5", "object_repr": "Choise Yes, SC", "action_flag": 2, "change_message": "[{\"added\": {\"name\": \"answer\", \"object\": \"Yes Correct: True\"}}, {\"added\": {\"name\": \"answer\", \"object\": \"Ou Correct: False\"}}, {\"added\": {\"name\": \"answer\", \"object\": \"No, no Correct: False\"}}]"}}, {"model": "admin.logentry", "pk": 8, "fields": {"action_time": "2023-07-05T17:20:06.216Z", "user": 1, "content_type": 11, "object_id": "2", "object_repr": "What is a tesult of code below?, WR", "action_flag": 2, "change_message": "[{\"changed\": {\"name\": \"code\", \"object\": \"\\\\#comment string\\r\\npr\", \"fields\": [\"Text\"]}}]"}}, {"model": "admin.logentry", "pk": 9, "fields": {"action_time": "2023-07-05T17:20:47.110Z", "user": 1, "content_type": 11, "object_id": "2", "object_repr": "What is a tesult of code below?, WR", "action_flag": 2, "change_message": "[{\"changed\": {\"name\": \"code\", \"object\": \"\\\\#comment string\\\\n\\r\\n\", \"fields\": [\"Text\"]}}]"}}, {"model": "admin.logentry", "pk": 10, "fields": {"action_time": "2023-07-05T17:21:19.299Z", "user": 1, "content_type": 11, "object_id": "2", "object_repr": "What is a tesult of code below?, WR", "action_flag": 2, "change_message": "[{\"changed\": {\"name\": \"code\", \"object\": \"\\\\#comment string\\r\\n\\r\\n\", \"fields\": [\"Text\"]}}]"}}, {"model": "admin.logentry", "pk": 11, "fields": {"action_time": "2023-07-05T17:43:09.662Z", "user": 1, "content_type": 10, "object_id": "2", "object_repr": "JS Test #1", "action_flag": 1, "change_message": "[{\"added\": {}}, {\"added\": {\"name\": \"question\", \"object\": \"Choise Yes, SC\"}}, {\"added\": {\"name\": \"question\", \"object\": \"All yes, MC\"}}]"}}, {"model": "admin.logentry", "pk": 12, "fields": {"action_time": "2023-07-05T17:43:32.654Z", "user": 1, "content_type": 11, "object_id": "7", "object_repr": "All yes, MC", "action_flag": 2, "change_message": "[{\"added\": {\"name\": \"answer\", \"object\": \"Yes Correct: True\"}}, {\"added\": {\"name\": \"answer\", \"object\": \"Hahahahah Correct: False\"}}, {\"added\": {\"name\": \"answer\", \"object\": \"yes Correct: True\"}}]"}}, {"model": "admin.logentry", "pk": 13, "fields": {"action_time": "2023-07-05T17:43:59.041Z", "user": 1, "content_type": 11, "object_id": "6", "object_repr": "Choise Yes, SC", "action_flag": 2, "change_message": "[{\"added\": {\"name\": \"answer\", \"object\": \"Yes Correct: True\"}}, {\"added\": {\"name\": \"answer\", \"object\": \"Nooo Correct: False\"}}, {\"added\": {\"name\": \"answer\", \"object\": \"Oh, no Correct: False\"}}]"}}, {"model": "admin.logentry", "pk": 14, "fields": {"action_time": "2023-07-05T17:45:02.068Z", "user": 1, "content_type": 10, "object_id": "3", "object_repr": "What do you know about tags?", "action_flag": 1, "change_message": "[{\"added\": {}}]"}}, {"model": "admin.logentry", "pk": 15, "fields": {"action_time": "2023-07-05T17:45:52.462Z", "user": 1, "content_type": 10, "object_id": "4", "object_repr": "Databases", "action_flag": 1, "change_message": "[{\"added\": {}}]"}}, {"model": "admin.logentry", "pk": 16, "fields": {"action_time": "2023-07-05T17:46:22.223Z", "user": 1, "content_type": 10, "object_id": "5", "object_repr": "Python #2", "action_flag": 1, "change_message": "[{\"added\": {}}]"}}, {"model": "admin.logentry", "pk": 17, "fields": {"action_time": "2023-07-05T17:52:55.028Z", "user": 1, "content_type": 8, "object_id": "1", "object_repr": "JS task #1", "action_flag": 1, "change_message": "[{\"added\": {}}]"}}, {"model": "admin.logentry", "pk": 18, "fields": {"action_time": "2023-07-05T17:54:01.126Z", "user": 1, "content_type": 8, "object_id": "2", "object_repr": "Python task #1", "action_flag": 1, "change_message": "[{\"added\": {}}]"}}, {"model": "admin.logentry", "pk": 19, "fields": {"action_time": "2023-07-05T17:55:08.611Z", "user": 1, "content_type": 8, "object_id": "3", "object_repr": "Python task #2", "action_flag": 1, "change_message": "[{\"added\": {}}]"}}, {"model": "admin.logentry", "pk": 20, "fields": {"action_time": "2023-07-05T18:12:35.536Z", "user": 1, "content_type": 8, "object_id": "3", "object_repr": "Python task #2", "action_flag": 2, "change_message": "[{\"changed\": {\"fields\": [\"Level\"]}}]"}}, {"model": "admin.logentry", "pk": 21, "fields": {"action_time": "2023-07-05T19:37:27.082Z", "user": 1, "content_type": 1, "object_id": "1", "object_repr": "Profile of alisa", "action_flag": 1, "change_message": "[{\"added\": {}}]"}}, {"model": "admin.logentry", "pk": 22, "fields": {"action_time": "2023-07-06T10:24:04.517Z", "user": 1, "content_type": 8, "object_id": "3", "object_repr": "Python task #2", "action_flag": 2, "change_message": "[]"}}, {"model": "admin.logentry", "pk": 23, "fields": {"action_time": "2023-07-06T11:32:46.234Z", "user": 1, "content_type": 14, "object_id": "5", "object_repr": "alisa gain 2 experience after passing Python #1", "action_flag": 3, "change_message": ""}}, {"model": "admin.logentry", "pk": 24, "fields": {"action_time": "2023-07-06T11:32:46.254Z", "user": 1, "content_type": 14, "object_id": "4", "object_repr": "alisa gain 2 experience after passing Python #1", "action_flag": 3, "change_message": ""}}, {"model": "admin.logentry", "pk": 25, "fields": {"action_time": "2023-07-06T11:32:46.262Z", "user": 1, "content_type": 14, "object_id": "3", "object_repr": "alisa gain 2 experience after passing Python #1", "action_flag": 3, "change_message": ""}}, {"model": "admin.logentry", "pk": 26, "fields": {"action_time": "2023-07-06T11:32:46.268Z", "user": 1, "content_type": 14, "object_id": "2", "object_repr": "alisa gain 0 experience after passing Python #1", "action_flag": 3, "change_message": ""}}, {"model": "admin.logentry", "pk": 27, "fields": {"action_time": "2023-07-06T11:32:46.277Z", "user": 1, "content_type": 14, "object_id": "1", "object_repr": "alisa gain 2 experience after passing Python #1", "action_flag": 3, "change_message": ""}}, {"model": "admin.logentry", "pk": 28, "fields": {"action_time": "2023-07-06T11:37:19.224Z", "user": 1, "content_type": 10, "object_id": "1", "object_repr": "Python #1", "action_flag": 2, "change_message": "[{\"changed\": {\"fields\": [\"Test status\"]}}]"}}, {"model": "admin.logentry", "pk": 29, "fields": {"action_time": "2023-07-06T11:37:29.189Z", "user": 1, "content_type": 10, "object_id": "2", "object_repr": "JS Test #1", "action_flag": 2, "change_message": "[{\"changed\": {\"fields\": [\"Test status\"]}}]"}}, {"model": "admin.logentry", "pk": 30, "fields": {"action_time": "2023-07-06T11:47:33.852Z", "user": 1, "content_type": 8, "object_id": "1", "object_repr": "JS task #1", "action_flag": 2, "change_message": "[{\"changed\": {\"fields\": [\"Task status\"]}}]"}}, {"model": "admin.logentry", "pk": 31, "fields": {"action_time": "2023-07-06T11:47:38.438Z", "user": 1, "content_type": 8, "object_id": "2", "object_repr": "Python task #1", "action_flag": 2, "change_message": "[{\"changed\": {\"fields\": [\"Task status\"]}}]"}}, {"model": "admin.logentry", "pk": 32, "fields": {"action_time": "2023-07-06T12:51:34.586Z", "user": 1, "content_type": 8, "object_id": "3", "object_repr": "Python task #2", "action_flag": 2, "change_message": "[{\"changed\": {\"fields\": [\"Tags\"]}}]"}}, {"model": "admin.logentry", "pk": 33, "fields": {"action_time": "2023-07-06T13:38:56.359Z", "user": 1, "content_type": 8, "object_id": "2", "object_repr": "Python task #1", "action_flag": 2, "change_message": "[{\"changed\": {\"fields\": [\"Test file\"]}}]"}}, {"model": "admin.logentry", "pk": 34, "fields": {"action_time": "2023-07-06T13:39:37.557Z", "user": 1, "content_type": 8, "object_id": "2", "object_repr": "Python task #1", "action_flag": 2, "change_message": "[{\"changed\": {\"fields\": [\"Test file\"]}}]"}}, {"model": "admin.logentry", "pk": 35, "fields": {"action_time": "2023-07-06T13:43:49.049Z", "user": 1, "content_type": 8, "object_id": "2", "object_repr": "Python task #1", "action_flag": 2, "change_message": "[{\"changed\": {\"fields\": [\"Test file\"]}}]"}}, {"model": "admin.logentry", "pk": 36, "fields": {"action_time": "2023-07-06T13:44:27.694Z", "user": 1, "content_type": 8, "object_id": "3", "object_repr": "Python task #2", "action_flag": 2, "change_message": "[{\"changed\": {\"fields\": [\"Test file\"]}}]"}}, {"model": "admin.logentry", "pk": 37, "fields": {"action_time": "2023-07-06T13:45:44.850Z", "user": 1, "content_type": 8, "object_id": "3", "object_repr": "Python task #2", "action_flag": 2, "change_message": "[{\"changed\": {\"fields\": [\"Test file\"]}}]"}}, {"model": "admin.logentry", "pk": 38, "fields": {"action_time": "2023-07-06T13:45:50.512Z", "user": 1, "content_type": 8, "object_id": "2", "object_repr": "Python task #1", "action_flag": 2, "change_message": "[{\"changed\": {\"fields\": [\"Test file\"]}}]"}}, {"model": "admin.logentry", "pk": 39, "fields": {"action_time": "2023-07-06T13:46:02.111Z", "user": 1, "content_type": 8, "object_id": "2", "object_repr": "Python task #1", "action_flag": 2, "change_message": "[{\"changed\": {\"fields\": [\"Test file\"]}}]"}}, {"model": "admin.logentry", "pk": 40, "fields": {"action_time": "2023-07-06T13:46:09.715Z", "user": 1, "content_type": 8, "object_id": "3", "object_repr": "Python task #2", "action_flag": 2, "change_message": "[{\"changed\": {\"fields\": [\"Test file\"]}}]"}}, {"model": "admin.logentry", "pk": 41, "fields": {"action_time": "2023-07-06T15:02:55.576Z", "user": 1, "content_type": 8, "object_id": "3", "object_repr": "Python task #2", "action_flag": 2, "change_message": "[]"}}, {"model": "admin.logentry", "pk": 42, "fields": {"action_time": "2023-07-06T15:03:07.317Z", "user": 1, "content_type": 8, "object_id": "1", "object_repr": "JS task #1", "action_flag": 2, "change_message": "[{\"added\": {\"name\": \"task language\", \"object\": \"TaskLanguage object (1)\"}}]"}}, {"model": "admin.logentry", "pk": 43, "fields": {"action_time": "2023-07-06T15:03:31.119Z", "user": 1, "content_type": 8, "object_id": "4", "object_repr": "Task #1", "action_flag": 1, "change_message": "[{\"added\": {}}, {\"added\": {\"name\": \"task language\", \"object\": \"TaskLanguage object (2)\"}}]"}}, {"model": "admin.logentry", "pk": 44, "fields": {"action_time": "2023-07-06T15:06:23.997Z", "user": 1, "content_type": 8, "object_id": "4", "object_repr": "Task #1", "action_flag": 2, "change_message": "[{\"changed\": {\"fields\": [\"Task status\"]}}]"}}, {"model": "admin.logentry", "pk": 45, "fields": {"action_time": "2023-07-06T15:06:42.804Z", "user": 1, "content_type": 8, "object_id": "4", "object_repr": "Task #1", "action_flag": 2, "change_message": "[{\"changed\": {\"fields\": [\"Level\"]}}]"}}, {"model": "admin.logentry", "pk": 46, "fields": {"action_time": "2023-07-06T15:14:49.143Z", "user": 1, "content_type": 8, "object_id": "4", "object_repr": "Task #1", "action_flag": 2, "change_message": "[]"}}, {"model": "admin.logentry", "pk": 47, "fields": {"action_time": "2023-07-06T15:14:59.700Z", "user": 1, "content_type": 17, "object_id": "1", "object_repr": "TaskLanguage object (1)", "action_flag": 2, "change_message": "[]"}}, {"model": "admin.logentry", "pk": 48, "fields": {"action_time": "2023-07-06T15:15:04.238Z", "user": 1, "content_type": 17, "object_id": "2", "object_repr": "TaskLanguage object (2)", "action_flag": 2, "change_message": "[]"}}, {"model": "admin.logentry", "pk": 49, "fields": {"action_time": "2023-07-06T15:15:07.328Z", "user": 1, "content_type": 17, "object_id": "1", "object_repr": "TaskLanguage object (1)", "action_flag": 2, "change_message": "[]"}}, {"model": "admin.logentry", "pk": 50, "fields": {"action_time": "2023-07-06T15:15:23.225Z", "user": 1, "content_type": 8, "object_id": "2", "object_repr": "Python task #1", "action_flag": 2, "change_message": "[]"}}, {"model": "admin.logentry", "pk": 51, "fields": {"action_time": "2023-07-06T15:16:49.958Z", "user": 1, "content_type": 8, "object_id": "4", "object_repr": "Task #1", "action_flag": 2, "change_message": "[{\"added\": {\"name\": \"task language\", \"object\": \"TaskLanguage object (3)\"}}]"}}, {"model": "admin.logentry", "pk": 52, "fields": {"action_time": "2023-07-06T15:16:58.442Z", "user": 1, "content_type": 8, "object_id": "2", "object_repr": "Python task #1", "action_flag": 2, "change_message": "[{\"added\": {\"name\": \"task language\", \"object\": \"TaskLanguage object (4)\"}}]"}}, {"model": "admin.logentry", "pk": 53, "fields": {"action_time": "2023-07-06T15:18:31.444Z", "user": 1, "content_type": 8, "object_id": "2", "object_repr": "Python task #1", "action_flag": 2, "change_message": "[]"}}, {"model": "admin.logentry", "pk": 54, "fields": {"action_time": "2023-07-06T15:29:44.533Z", "user": 1, "content_type": 8, "object_id": "5", "object_repr": "PHP #1", "action_flag": 1, "change_message": "[{\"added\": {}}, {\"added\": {\"name\": \"task language\", \"object\": \"TaskLanguage object (5)\"}}]"}}, {"model": "admin.logentry", "pk": 55, "fields": {"action_time": "2023-07-06T18:09:38.515Z", "user": 1, "content_type": 8, "object_id": "2", "object_repr": "Python task #1", "action_flag": 2, "change_message": "[{\"changed\": {\"name\": \"task language\", \"object\": \"TaskLanguage object (4)\", \"fields\": [\"Test file\"]}}]"}}, {"model": "admin.logentry", "pk": 56, "fields": {"action_time": "2023-07-06T18:14:12.527Z", "user": 1, "content_type": 8, "object_id": "3", "object_repr": "Python task #2", "action_flag": 2, "change_message": "[{\"changed\": {\"fields\": [\"Task status\"]}}, {\"added\": {\"name\": \"task language\", \"object\": \"TaskLanguage object (6)\"}}]"}}, {"model": "admin.logentry", "pk": 57, "fields": {"action_time": "2023-07-07T07:56:52.928Z", "user": 4, "content_type": 8, "object_id": "2", "object_repr": "Python task #1", "action_flag": 2, "change_message": "[{\"changed\": {\"fields\": [\"Description\"]}}]"}}, {"model": "admin.logentry", "pk": 58, "fields": {"action_time": "2023-07-07T07:57:12.347Z", "user": 4, "content_type": 8, "object_id": "3", "object_repr": "Python task #2", "action_flag": 2, "change_message": "[{\"changed\": {\"fields\": [\"Description\"]}}]"}}, {"model": "admin.logentry", "pk": 59, "fields": {"action_time": "2023-07-08T17:14:27.770Z", "user": 4, "content_type": 18, "object_id": "72", "object_repr": "Result object (72)", "action_flag": 3, "change_message": ""}}, {"model": "admin.logentry", "pk": 60, "fields": {"action_time": "2023-07-08T17:14:27.773Z", "user": 4, "content_type": 18, "object_id": "71", "object_repr": "Result object (71)", "action_flag": 3, "change_message": ""}}, {"model": "admin.logentry", "pk": 61, "fields": {"action_time": "2023-07-08T17:14:27.774Z", "user": 4, "content_type": 18, "object_id": "70", "object_repr": "Result object (70)", "action_flag": 3, "change_message": ""}}, {"model": "admin.logentry", "pk": 62, "fields": {"action_time": "2023-07-08T17:14:27.775Z", "user": 4, "content_type": 18, "object_id": "69", "object_repr": "Result object (69)", "action_flag": 3, "change_message": ""}}, {"model": "admin.logentry", "pk": 63, "fields": {"action_time": "2023-07-08T17:14:27.777Z", "user": 4, "content_type": 18, "object_id": "68", "object_repr": "Result object (68)", "action_flag": 3, "change_message": ""}}, {"model": "admin.logentry", "pk": 64, "fields": {"action_time": "2023-07-08T17:14:27.778Z", "user": 4, "content_type": 18, "object_id": "67", "object_repr": "Result object (67)", "action_flag": 3, "change_message": ""}}, {"model": "admin.logentry", "pk": 65, "fields": {"action_time": "2023-07-08T17:14:27.779Z", "user": 4, "content_type": 18, "object_id": "66", "object_repr": "Result object (66)", "action_flag": 3, "change_message": ""}}, {"model": "admin.logentry", "pk": 66, "fields": {"action_time": "2023-07-08T17:14:27.780Z", "user": 4, "content_type": 18, "object_id": "65", "object_repr": "Result object (65)", "action_flag": 3, "change_message": ""}}, {"model": "admin.logentry", "pk": 67, "fields": {"action_time": "2023-07-08T17:14:27.781Z", "user": 4, "content_type": 18, "object_id": "64", "object_repr": "Result object (64)", "action_flag": 3, "change_message": ""}}, {"model": "admin.logentry", "pk": 68, "fields": {"action_time": "2023-07-08T17:14:27.783Z", "user": 4, "content_type": 18, "object_id": "63", "object_repr": "Result object (63)", "action_flag": 3, "change_message": ""}}, {"model": "admin.logentry", "pk": 69, "fields": {"action_time": "2023-07-08T17:14:27.784Z", "user": 4, "content_type": 18, "object_id": "62", "object_repr": "Result object (62)", "action_flag": 3, "change_message": ""}}, {"model": "admin.logentry", "pk": 70, "fields": {"action_time": "2023-07-08T17:14:27.785Z", "user": 4, "content_type": 18, "object_id": "61", "object_repr": "Result object (61)", "action_flag": 3, "change_message": ""}}, {"model": "admin.logentry", "pk": 71, "fields": {"action_time": "2023-07-08T17:14:27.786Z", "user": 4, "content_type": 18, "object_id": "60", "object_repr": "Result object (60)", "action_flag": 3, "change_message": ""}}, {"model": "admin.logentry", "pk": 72, "fields": {"action_time": "2023-07-08T17:14:27.787Z", "user": 4, "content_type": 18, "object_id": "59", "object_repr": "Result object (59)", "action_flag": 3, "change_message": ""}}, {"model": "admin.logentry", "pk": 73, "fields": {"action_time": "2023-07-08T17:14:27.789Z", "user": 4, "content_type": 18, "object_id": "58", "object_repr": "Result object (58)", "action_flag": 3, "change_message": ""}}, {"model": "admin.logentry", "pk": 74, "fields": {"action_time": "2023-07-08T17:14:27.790Z", "user": 4, "content_type": 18, "object_id": "57", "object_repr": "Result object (57)", "action_flag": 3, "change_message": ""}}, {"model": "admin.logentry", "pk": 75, "fields": {"action_time": "2023-07-08T17:14:27.791Z", "user": 4, "content_type": 18, "object_id": "56", "object_repr": "Result object (56)", "action_flag": 3, "change_message": ""}}, {"model": "admin.logentry", "pk": 76, "fields": {"action_time": "2023-07-08T17:14:27.793Z", "user": 4, "content_type": 18, "object_id": "55", "object_repr": "Result object (55)", "action_flag": 3, "change_message": ""}}, {"model": "admin.logentry", "pk": 77, "fields": {"action_time": "2023-07-08T17:14:27.794Z", "user": 4, "content_type": 18, "object_id": "54", "object_repr": "Result object (54)", "action_flag": 3, "change_message": ""}}, {"model": "admin.logentry", "pk": 78, "fields": {"action_time": "2023-07-08T17:14:27.795Z", "user": 4, "content_type": 18, "object_id": "53", "object_repr": "Result object (53)", "action_flag": 3, "change_message": ""}}, {"model": "admin.logentry", "pk": 79, "fields": {"action_time": "2023-07-08T17:14:27.796Z", "user": 4, "content_type": 18, "object_id": "52", "object_repr": "Result object (52)", "action_flag": 3, "change_message": ""}}, {"model": "admin.logentry", "pk": 80, "fields": {"action_time": "2023-07-08T17:14:27.797Z", "user": 4, "content_type": 18, "object_id": "51", "object_repr": "Result object (51)", "action_flag": 3, "change_message": ""}}, {"model": "admin.logentry", "pk": 81, "fields": {"action_time": "2023-07-08T17:14:27.798Z", "user": 4, "content_type": 18, "object_id": "50", "object_repr": "Result object (50)", "action_flag": 3, "change_message": ""}}, {"model": "admin.logentry", "pk": 82, "fields": {"action_time": "2023-07-08T17:14:27.800Z", "user": 4, "content_type": 18, "object_id": "49", "object_repr": "Result object (49)", "action_flag": 3, "change_message": ""}}, {"model": "admin.logentry", "pk": 83, "fields": {"action_time": "2023-07-08T17:14:27.801Z", "user": 4, "content_type": 18, "object_id": "48", "object_repr": "Result object (48)", "action_flag": 3, "change_message": ""}}, {"model": "admin.logentry", "pk": 84, "fields": {"action_time": "2023-07-08T17:14:27.802Z", "user": 4, "content_type": 18, "object_id": "47", "object_repr": "Result object (47)", "action_flag": 3, "change_message": ""}}, {"model": "admin.logentry", "pk": 85, "fields": {"action_time": "2023-07-08T17:14:27.803Z", "user": 4, "content_type": 18, "object_id": "46", "object_repr": "Result object (46)", "action_flag": 3, "change_message": ""}}, {"model": "admin.logentry", "pk": 86, "fields": {"action_time": "2023-07-08T17:14:27.804Z", "user": 4, "content_type": 18, "object_id": "45", "object_repr": "Result object (45)", "action_flag": 3, "change_message": ""}}, {"model": "admin.logentry", "pk": 87, "fields": {"action_time": "2023-07-08T17:14:27.806Z", "user": 4, "content_type": 18, "object_id": "44", "object_repr": "Result object (44)", "action_flag": 3, "change_message": ""}}, {"model": "admin.logentry", "pk": 88, "fields": {"action_time": "2023-07-08T17:14:27.807Z", "user": 4, "content_type": 18, "object_id": "43", "object_repr": "Result object (43)", "action_flag": 3, "change_message": ""}}, {"model": "admin.logentry", "pk": 89, "fields": {"action_time": "2023-07-08T17:14:27.808Z", "user": 4, "content_type": 18, "object_id": "42", "object_repr": "Result object (42)", "action_flag": 3, "change_message": ""}}, {"model": "admin.logentry", "pk": 90, "fields": {"action_time": "2023-07-08T17:14:27.809Z", "user": 4, "content_type": 18, "object_id": "41", "object_repr": "Result object (41)", "action_flag": 3, "change_message": ""}}, {"model": "admin.logentry", "pk": 91, "fields": {"action_time": "2023-07-08T17:14:27.810Z", "user": 4, "content_type": 18, "object_id": "40", "object_repr": "Result object (40)", "action_flag": 3, "change_message": ""}}, {"model": "admin.logentry", "pk": 92, "fields": {"action_time": "2023-07-08T17:14:27.811Z", "user": 4, "content_type": 18, "object_id": "39", "object_repr": "Result object (39)", "action_flag": 3, "change_message": ""}}, {"model": "admin.logentry", "pk": 93, "fields": {"action_time": "2023-07-08T17:14:27.812Z", "user": 4, "content_type": 18, "object_id": "38", "object_repr": "Result object (38)", "action_flag": 3, "change_message": ""}}, {"model": "admin.logentry", "pk": 94, "fields": {"action_time": "2023-07-08T17:14:27.814Z", "user": 4, "content_type": 18, "object_id": "37", "object_repr": "Result object (37)", "action_flag": 3, "change_message": ""}}, {"model": "admin.logentry", "pk": 95, "fields": {"action_time": "2023-07-08T17:14:27.815Z", "user": 4, "content_type": 18, "object_id": "36", "object_repr": "Result object (36)", "action_flag": 3, "change_message": ""}}, {"model": "admin.logentry", "pk": 96, "fields": {"action_time": "2023-07-08T17:14:27.816Z", "user": 4, "content_type": 18, "object_id": "35", "object_repr": "Result object (35)", "action_flag": 3, "change_message": ""}}, {"model": "admin.logentry", "pk": 97, "fields": {"action_time": "2023-07-08T17:14:27.817Z", "user": 4, "content_type": 18, "object_id": "34", "object_repr": "Result object (34)", "action_flag": 3, "change_message": ""}}, {"model": "admin.logentry", "pk": 98, "fields": {"action_time": "2023-07-08T17:14:27.818Z", "user": 4, "content_type": 18, "object_id": "33", "object_repr": "Result object (33)", "action_flag": 3, "change_message": ""}}, {"model": "admin.logentry", "pk": 99, "fields": {"action_time": "2023-07-08T17:14:27.819Z", "user": 4, "content_type": 18, "object_id": "32", "object_repr": "Result object (32)", "action_flag": 3, "change_message": ""}}, {"model": "admin.logentry", "pk": 100, "fields": {"action_time": "2023-07-08T17:14:27.821Z", "user": 4, "content_type": 18, "object_id": "31", "object_repr": "Result object (31)", "action_flag": 3, "change_message": ""}}, {"model": "admin.logentry", "pk": 101, "fields": {"action_time": "2023-07-08T17:14:27.822Z", "user": 4, "content_type": 18, "object_id": "30", "object_repr": "Result object (30)", "action_flag": 3, "change_message": ""}}, {"model": "admin.logentry", "pk": 102, "fields": {"action_time": "2023-07-08T17:14:27.823Z", "user": 4, "content_type": 18, "object_id": "29", "object_repr": "Result object (29)", "action_flag": 3, "change_message": ""}}, {"model": "admin.logentry", "pk": 103, "fields": {"action_time": "2023-07-08T17:14:27.824Z", "user": 4, "content_type": 18, "object_id": "28", "object_repr": "Result object (28)", "action_flag": 3, "change_message": ""}}, {"model": "admin.logentry", "pk": 104, "fields": {"action_time": "2023-07-08T17:14:27.825Z", "user": 4, "content_type": 18, "object_id": "27", "object_repr": "Result object (27)", "action_flag": 3, "change_message": ""}}, {"model": "admin.logentry", "pk": 105, "fields": {"action_time": "2023-07-08T17:14:27.826Z", "user": 4, "content_type": 18, "object_id": "26", "object_repr": "Result object (26)", "action_flag": 3, "change_message": ""}}, {"model": "admin.logentry", "pk": 106, "fields": {"action_time": "2023-07-08T17:14:27.827Z", "user": 4, "content_type": 18, "object_id": "25", "object_repr": "Result object (25)", "action_flag": 3, "change_message": ""}}, {"model": "admin.logentry", "pk": 107, "fields": {"action_time": "2023-07-08T17:14:27.829Z", "user": 4, "content_type": 18, "object_id": "24", "object_repr": "Result object (24)", "action_flag": 3, "change_message": ""}}, {"model": "admin.logentry", "pk": 108, "fields": {"action_time": "2023-07-08T17:14:27.830Z", "user": 4, "content_type": 18, "object_id": "23", "object_repr": "Result object (23)", "action_flag": 3, "change_message": ""}}, {"model": "admin.logentry", "pk": 109, "fields": {"action_time": "2023-07-08T17:14:27.831Z", "user": 4, "content_type": 18, "object_id": "22", "object_repr": "Result object (22)", "action_flag": 3, "change_message": ""}}, {"model": "admin.logentry", "pk": 110, "fields": {"action_time": "2023-07-08T17:14:27.832Z", "user": 4, "content_type": 18, "object_id": "21", "object_repr": "Result object (21)", "action_flag": 3, "change_message": ""}}, {"model": "admin.logentry", "pk": 111, "fields": {"action_time": "2023-07-08T17:14:27.833Z", "user": 4, "content_type": 18, "object_id": "20", "object_repr": "Result object (20)", "action_flag": 3, "change_message": ""}}, {"model": "admin.logentry", "pk": 112, "fields": {"action_time": "2023-07-08T17:14:27.834Z", "user": 4, "content_type": 18, "object_id": "19", "object_repr": "Result object (19)", "action_flag": 3, "change_message": ""}}, {"model": "admin.logentry", "pk": 113, "fields": {"action_time": "2023-07-08T17:14:27.835Z", "user": 4, "content_type": 18, "object_id": "18", "object_repr": "Result object (18)", "action_flag": 3, "change_message": ""}}, {"model": "admin.logentry", "pk": 114, "fields": {"action_time": "2023-07-08T17:14:27.837Z", "user": 4, "content_type": 18, "object_id": "17", "object_repr": "Result object (17)", "action_flag": 3, "change_message": ""}}, {"model": "admin.logentry", "pk": 115, "fields": {"action_time": "2023-07-08T17:14:27.838Z", "user": 4, "content_type": 18, "object_id": "16", "object_repr": "Result object (16)", "action_flag": 3, "change_message": ""}}, {"model": "admin.logentry", "pk": 116, "fields": {"action_time": "2023-07-08T17:14:27.839Z", "user": 4, "content_type": 18, "object_id": "15", "object_repr": "Result object (15)", "action_flag": 3, "change_message": ""}}, {"model": "admin.logentry", "pk": 117, "fields": {"action_time": "2023-07-08T17:14:27.840Z", "user": 4, "content_type": 18, "object_id": "14", "object_repr": "Result object (14)", "action_flag": 3, "change_message": ""}}, {"model": "admin.logentry", "pk": 118, "fields": {"action_time": "2023-07-08T17:14:27.841Z", "user": 4, "content_type": 18, "object_id": "13", "object_repr": "Result object (13)", "action_flag": 3, "change_message": ""}}, {"model": "admin.logentry", "pk": 119, "fields": {"action_time": "2023-07-08T17:14:27.842Z", "user": 4, "content_type": 18, "object_id": "12", "object_repr": "Result object (12)", "action_flag": 3, "change_message": ""}}, {"model": "admin.logentry", "pk": 120, "fields": {"action_time": "2023-07-08T17:14:27.844Z", "user": 4, "content_type": 18, "object_id": "11", "object_repr": "Result object (11)", "action_flag": 3, "change_message": ""}}, {"model": "admin.logentry", "pk": 121, "fields": {"action_time": "2023-07-08T17:14:27.845Z", "user": 4, "content_type": 18, "object_id": "10", "object_repr": "Result object (10)", "action_flag": 3, "change_message": ""}}, {"model": "admin.logentry", "pk": 122, "fields": {"action_time": "2023-07-08T17:14:27.846Z", "user": 4, "content_type": 18, "object_id": "9", "object_repr": "Result object (9)", "action_flag": 3, "change_message": ""}}, {"model": "admin.logentry", "pk": 123, "fields": {"action_time": "2023-07-08T17:14:27.847Z", "user": 4, "content_type": 18, "object_id": "8", "object_repr": "Result object (8)", "action_flag": 3, "change_message": ""}}, {"model": "admin.logentry", "pk": 124, "fields": {"action_time": "2023-07-08T17:14:27.848Z", "user": 4, "content_type": 18, "object_id": "7", "object_repr": "Result object (7)", "action_flag": 3, "change_message": ""}}, {"model": "admin.logentry", "pk": 125, "fields": {"action_time": "2023-07-08T17:14:27.849Z", "user": 4, "content_type": 18, "object_id": "6", "object_repr": "Result object (6)", "action_flag": 3, "change_message": ""}}, {"model": "admin.logentry", "pk": 126, "fields": {"action_time": "2023-07-08T17:14:27.851Z", "user": 4, "content_type": 18, "object_id": "5", "object_repr": "Result object (5)", "action_flag": 3, "change_message": ""}}, {"model": "admin.logentry", "pk": 127, "fields": {"action_time": "2023-07-08T17:14:27.852Z", "user": 4, "content_type": 18, "object_id": "4", "object_repr": "Result object (4)", "action_flag": 3, "change_message": ""}}, {"model": "admin.logentry", "pk": 128, "fields": {"action_time": "2023-07-08T17:14:27.853Z", "user": 4, "content_type": 18, "object_id": "3", "object_repr": "Result object (3)", "action_flag": 3, "change_message": ""}}, {"model": "admin.logentry", "pk": 129, "fields": {"action_time": "2023-07-08T17:14:27.854Z", "user": 4, "content_type": 18, "object_id": "2", "object_repr": "Result object (2)", "action_flag": 3, "change_message": ""}}, {"model": "admin.logentry", "pk": 130, "fields": {"action_time": "2023-07-08T17:14:27.855Z", "user": 4, "content_type": 18, "object_id": "1", "object_repr": "Result object (1)", "action_flag": 3, "change_message": ""}}, {"model": "admin.logentry", "pk": 131, "fields": {"action_time": "2023-07-08T17:23:23.271Z", "user": 4, "content_type": 18, "object_id": "2", "object_repr": "Result object (2)", "action_flag": 2, "change_message": "[{\"changed\": {\"fields\": [\"Passed\", \"Code\"]}}]"}}, {"model": "admin.logentry", "pk": 132, "fields": {"action_time": "2023-07-08T17:23:36.286Z", "user": 4, "content_type": 18, "object_id": "1", "object_repr": "Result object (1)", "action_flag": 2, "change_message": "[{\"changed\": {\"fields\": [\"Passed\", \"Code\"]}}]"}}, {"model": "admin.logentry", "pk": 133, "fields": {"action_time": "2023-07-08T17:28:50.511Z", "user": 4, "content_type": 18, "object_id": "2", "object_repr": "Result object (2)", "action_flag": 3, "change_message": ""}}, {"model": "admin.logentry", "pk": 134, "fields": {"action_time": "2023-07-08T17:28:50.513Z", "user": 4, "content_type": 18, "object_id": "1", "object_repr": "Result object (1)", "action_flag": 3, "change_message": ""}}, {"model": "admin.logentry", "pk": 135, "fields": {"action_time": "2023-07-08T17:41:14.489Z", "user": 4, "content_type": 18, "object_id": "6", "object_repr": "Result object (6)", "action_flag": 3, "change_message": ""}}, {"model": "admin.logentry", "pk": 136, "fields": {"action_time": "2023-07-08T17:41:14.491Z", "user": 4, "content_type": 18, "object_id": "5", "object_repr": "Result object (5)", "action_flag": 3, "change_message": ""}}, {"model": "admin.logentry", "pk": 137, "fields": {"action_time": "2023-07-08T17:41:14.492Z", "user": 4, "content_type": 18, "object_id": "4", "object_repr": "Result object (4)", "action_flag": 3, "change_message": ""}}, {"model": "admin.logentry", "pk": 138, "fields": {"action_time": "2023-07-08T17:41:14.493Z", "user": 4, "content_type": 18, "object_id": "3", "object_repr": "Result object (3)", "action_flag": 3, "change_message": ""}}, {"model": "admin.logentry", "pk": 139, "fields": {"action_time": "2023-07-08T17:45:41.574Z", "user": 4, "content_type": 18, "object_id": "1", "object_repr": "Result object (1)", "action_flag": 3, "change_message": ""}}, {"model": "admin.logentry", "pk": 140, "fields": {"action_time": "2023-07-10T12:28:46.005Z", "user": 1, "content_type": 18, "object_id": "36", "object_repr": "alisa gain 6 experience after passing Python task #2. Date: 2023-07-10 14:57:31+03:00", "action_flag": 2, "change_message": "[{\"changed\": {\"fields\": [\"Code\"]}}]"}}, {"model": "admin.logentry", "pk": 141, "fields": {"action_time": "2023-07-10T13:03:21.764Z", "user": 1, "content_type": 18, "object_id": "36", "object_repr": "alisa gain 6 experience after passing Python task #2. Date: 2023-07-01 14:57:31+03:00", "action_flag": 2, "change_message": "[{\"changed\": {\"fields\": [\"Date\"]}}]"}}, {"model": "admin.logentry", "pk": 142, "fields": {"action_time": "2023-07-10T13:03:47.820Z", "user": 1, "content_type": 14, "object_id": "6", "object_repr": "alisa gain 2 experience after passing Python #1. Date: 2023-05-07 14:02:57+03:00", "action_flag": 2, "change_message": "[{\"changed\": {\"fields\": [\"Date\"]}}]"}}, {"model": "auth.permission", "pk": 1, "fields": {"name": "Can add profile", "content_type": 1, "codename": "add_profile"}}, {"model": "auth.permission", "pk": 2, "fields": {"name": "Can change profile", "content_type": 1, "codename": "change_profile"}}, {"model": "auth.permission", "pk": 3, "fields": {"name": "Can delete profile", "content_type": 1, "codename": "delete_profile"}}, {"model": "auth.permission", "pk": 4, "fields": {"name": "Can view profile", "content_type": 1, "codename": "view_profile"}}, {"model": "auth.permission", "pk": 5, "fields": {"name": "Can add log entry", "content_type": 2, "codename": "add_logentry"}}, {"model": "auth.permission", "pk": 6, "fields": {"name": "Can change log entry", "content_type": 2, "codename": "change_logentry"}}, {"model": "auth.permission", "pk": 7, "fields": {"name": "Can delete log entry", "content_type": 2, "codename": "delete_logentry"}}, {"model": "auth.permission", "pk": 8, "fields": {"name": "Can view log entry", "content_type": 2, "codename": "view_logentry"}}, {"model": "auth.permission", "pk": 9, "fields": {"name": "Can add permission", "content_type": 3, "codename": "add_permission"}}, {"model": "auth.permission", "pk": 10, "fields": {"name": "Can change permission", "content_type": 3, "codename": "change_permission"}}, {"model": "auth.permission", "pk": 11, "fields": {"name": "Can delete permission", "content_type": 3, "codename": "delete_permission"}}, {"model": "auth.permission", "pk": 12, "fields": {"name": "Can view permission", "content_type": 3, "codename": "view_permission"}}, {"model": "auth.permission", "pk": 13, "fields": {"name": "Can add group", "content_type": 4, "codename": "add_group"}}, {"model": "auth.permission", "pk": 14, "fields": {"name": "Can change group", "content_type": 4, "codename": "change_group"}}, {"model": "auth.permission", "pk": 15, "fields": {"name": "Can delete group", "content_type": 4, "codename": "delete_group"}}, {"model": "auth.permission", "pk": 16, "fields": {"name": "Can view group", "content_type": 4, "codename": "view_group"}}, {"model": "auth.permission", "pk": 17, "fields": {"name": "Can add user", "content_type": 5, "codename": "add_user"}}, {"model": "auth.permission", "pk": 18, "fields": {"name": "Can change user", "content_type": 5, "codename": "change_user"}}, {"model": "auth.permission", "pk": 19, "fields": {"name": "Can delete user", "content_type": 5, "codename": "delete_user"}}, {"model": "auth.permission", "pk": 20, "fields": {"name": "Can view user", "content_type": 5, "codename": "view_user"}}, {"model": "auth.permission", "pk": 21, "fields": {"name": "Can add content type", "content_type": 6, "codename": "add_contenttype"}}, {"model": "auth.permission", "pk": 22, "fields": {"name": "Can change content type", "content_type": 6, "codename": "change_contenttype"}}, {"model": "auth.permission", "pk": 23, "fields": {"name": "Can delete content type", "content_type": 6, "codename": "delete_contenttype"}}, {"model": "auth.permission", "pk": 24, "fields": {"name": "Can view content type", "content_type": 6, "codename": "view_contenttype"}}, {"model": "auth.permission", "pk": 25, "fields": {"name": "Can add session", "content_type": 7, "codename": "add_session"}}, {"model": "auth.permission", "pk": 26, "fields": {"name": "Can change session", "content_type": 7, "codename": "change_session"}}, {"model": "auth.permission", "pk": 27, "fields": {"name": "Can delete session", "content_type": 7, "codename": "delete_session"}}, {"model": "auth.permission", "pk": 28, "fields": {"name": "Can view session", "content_type": 7, "codename": "view_session"}}, {"model": "auth.permission", "pk": 29, "fields": {"name": "Can add Task", "content_type": 8, "codename": "add_tasks"}}, {"model": "auth.permission", "pk": 30, "fields": {"name": "Can change Task", "content_type": 8, "codename": "change_tasks"}}, {"model": "auth.permission", "pk": 31, "fields": {"name": "Can delete Task", "content_type": 8, "codename": "delete_tasks"}}, {"model": "auth.permission", "pk": 32, "fields": {"name": "Can view Task", "content_type": 8, "codename": "view_tasks"}}, {"model": "auth.permission", "pk": 33, "fields": {"name": "Can add testing input", "content_type": 9, "codename": "add_testinginput"}}, {"model": "auth.permission", "pk": 34, "fields": {"name": "Can change testing input", "content_type": 9, "codename": "change_testinginput"}}, {"model": "auth.permission", "pk": 35, "fields": {"name": "Can delete testing input", "content_type": 9, "codename": "delete_testinginput"}}, {"model": "auth.permission", "pk": 36, "fields": {"name": "Can view testing input", "content_type": 9, "codename": "view_testinginput"}}, {"model": "auth.permission", "pk": 37, "fields": {"name": "Can add test", "content_type": 10, "codename": "add_test"}}, {"model": "auth.permission", "pk": 38, "fields": {"name": "Can change test", "content_type": 10, "codename": "change_test"}}, {"model": "auth.permission", "pk": 39, "fields": {"name": "Can delete test", "content_type": 10, "codename": "delete_test"}}, {"model": "auth.permission", "pk": 40, "fields": {"name": "Can view test", "content_type": 10, "codename": "view_test"}}, {"model": "auth.permission", "pk": 41, "fields": {"name": "Can add question", "content_type": 11, "codename": "add_question"}}, {"model": "auth.permission", "pk": 42, "fields": {"name": "Can change question", "content_type": 11, "codename": "change_question"}}, {"model": "auth.permission", "pk": 43, "fields": {"name": "Can delete question", "content_type": 11, "codename": "delete_question"}}, {"model": "auth.permission", "pk": 44, "fields": {"name": "Can view question", "content_type": 11, "codename": "view_question"}}, {"model": "auth.permission", "pk": 45, "fields": {"name": "Can add answer", "content_type": 12, "codename": "add_answer"}}, {"model": "auth.permission", "pk": 46, "fields": {"name": "Can change answer", "content_type": 12, "codename": "change_answer"}}, {"model": "auth.permission", "pk": 47, "fields": {"name": "Can delete answer", "content_type": 12, "codename": "delete_answer"}}, {"model": "auth.permission", "pk": 48, "fields": {"name": "Can view answer", "content_type": 12, "codename": "view_answer"}}, {"model": "auth.permission", "pk": 49, "fields": {"name": "Can add code", "content_type": 13, "codename": "add_code"}}, {"model": "auth.permission", "pk": 50, "fields": {"name": "Can change code", "content_type": 13, "codename": "change_code"}}, {"model": "auth.permission", "pk": 51, "fields": {"name": "Can delete code", "content_type": 13, "codename": "delete_code"}}, {"model": "auth.permission", "pk": 52, "fields": {"name": "Can view code", "content_type": 13, "codename": "view_code"}}, {"model": "auth.permission", "pk": 53, "fields": {"name": "Can add result", "content_type": 14, "codename": "add_result"}}, {"model": "auth.permission", "pk": 54, "fields": {"name": "Can change result", "content_type": 14, "codename": "change_result"}}, {"model": "auth.permission", "pk": 55, "fields": {"name": "Can delete result", "content_type": 14, "codename": "delete_result"}}, {"model": "auth.permission", "pk": 56, "fields": {"name": "Can view result", "content_type": 14, "codename": "view_result"}}, {"model": "auth.permission", "pk": 57, "fields": {"name": "Can add tag", "content_type": 15, "codename": "add_tag"}}, {"model": "auth.permission", "pk": 58, "fields": {"name": "Can change tag", "content_type": 15, "codename": "change_tag"}}, {"model": "auth.permission", "pk": 59, "fields": {"name": "Can delete tag", "content_type": 15, "codename": "delete_tag"}}, {"model": "auth.permission", "pk": 60, "fields": {"name": "Can view tag", "content_type": 15, "codename": "view_tag"}}, {"model": "auth.permission", "pk": 61, "fields": {"name": "Can add tagged item", "content_type": 16, "codename": "add_taggeditem"}}, {"model": "auth.permission", "pk": 62, "fields": {"name": "Can change tagged item", "content_type": 16, "codename": "change_taggeditem"}}, {"model": "auth.permission", "pk": 63, "fields": {"name": "Can delete tagged item", "content_type": 16, "codename": "delete_taggeditem"}}, {"model": "auth.permission", "pk": 64, "fields": {"name": "Can view tagged item", "content_type": 16, "codename": "view_taggeditem"}}, {"model": "auth.permission", "pk": 65, "fields": {"name": "Can add task language", "content_type": 17, "codename": "add_tasklanguage"}}, {"model": "auth.permission", "pk": 66, "fields": {"name": "Can change task language", "content_type": 17, "codename": "change_tasklanguage"}}, {"model": "auth.permission", "pk": 67, "fields": {"name": "Can delete task language", "content_type": 17, "codename": "delete_tasklanguage"}}, {"model": "auth.permission", "pk": 68, "fields": {"name": "Can view task language", "content_type": 17, "codename": "view_tasklanguage"}}, {"model": "auth.permission", "pk": 69, "fields": {"name": "Can add result", "content_type": 18, "codename": "add_result"}}, {"model": "auth.permission", "pk": 70, "fields": {"name": "Can change result", "content_type": 18, "codename": "change_result"}}, {"model": "auth.permission", "pk": 71, "fields": {"name": "Can delete result", "content_type": 18, "codename": "delete_result"}}, {"model": "auth.permission", "pk": 72, "fields": {"name": "Can view result", "content_type": 18, "codename": "view_result"}}, {"model": "auth.user", "pk": 1, "fields": {"password": "pbkdf2_sha256$600000$Pt4GHqVuCMXsFxLHq7DqVv$I9An86aexoK/xV09xTvZG00UDT7HFRnYkiwhVs9egf4=", "last_login": "2023-07-06T17:53:34.273Z", "is_superuser": true, "username": "alisa", "first_name": "", "last_name": "", "email": "", "is_staff": true, "is_active": true, "date_joined": "2023-07-05T17:09:06.413Z", "groups": [], "user_permissions": []}}, {"model": "auth.user", "pk": 2, "fields": {"password": "pbkdf2_sha256$600000$ibVjGXdhpH1xz4LxR4G3Ky$IUC+VmsShyz0taM49WwOSeFMJT/LMxA/0L6SUl5LZBk=", "last_login": null, "is_superuser": false, "username": "test1", "first_name": "", "last_name": "", "email": "test@gmail.com", "is_staff": false, "is_active": true, "date_joined": "2023-07-05T19:41:25.749Z", "groups": [], "user_permissions": []}}, {"model": "auth.user", "pk": 3, "fields": {"password": "pbkdf2_sha256$600000$780rxCqqaL9sFJzIqGK3TT$oJAvPfm/w+Sh5dYlnYls90gHYADJJNfYPebsEhVRYds=", "last_login": "2023-07-07T07:14:51.462Z", "is_superuser": false, "username": "damir", "first_name": "", "last_name": "", "email": "damir@test.ru", "is_staff": false, "is_active": true, "date_joined": "2023-07-07T07:14:42.395Z", "groups": [], "user_permissions": []}}, {"model": "auth.user", "pk": 4, "fields": {"password": "pbkdf2_sha256$600000$jJbzZz6974AoL8DwmC7Jvo$yGwjSFibBzH407d98/Jb9QHk76/MWBv6D8V5XrjRBkY=", "last_login": "2023-07-08T17:45:30.831Z", "is_superuser": true, "username": "damirbarashev", "first_name": "", "last_name": "", "email": "barashevdamir@yandex.ru", "is_staff": true, "is_active": true, "date_joined": "2023-07-07T07:55:56.420Z", "groups": [], "user_permissions": []}}, {"model": "auth.user", "pk": 5, "fields": {"password": "pbkdf2_sha256$600000$pusNQ4MUOPGS3B1yPDoqYk$03yeP4jkggwcaOnYwql432Tm1Ef7XKbxFvqdcRXhhgs=", "last_login": "2023-07-09T10:09:43.930Z", "is_superuser": false, "username": "test", "first_name": "", "last_name": "", "email": "test@mail.ru", "is_staff": false, "is_active": true, "date_joined": "2023-07-07T20:53:41.586Z", "groups": [], "user_permissions": []}}, {"model": "auth.user", "pk": 6, "fields": {"password": "pbkdf2_sha256$600000$QXNCG3r0IKKgeia1Ia0JRw$CerglrBjWGW54G+jP/IjVdukAM2NxccaOHz3Wu1sXts=", "last_login": null, "is_superuser": false, "username": "damirjan", "first_name": "", "last_name": "", "email": "damirjan@yandex.ru", "is_staff": false, "is_active": true, "date_joined": "2023-07-08T18:48:37.638Z", "groups": [], "user_permissions": []}}, {"model": "auth.user", "pk": 7, "fields": {"password": "pbkdf2_sha256$600000$DHOHBEkiKBENDfCBtX1Zq7$kxYKImBVw+FUoLfWUzz6+u5tkIzI5uNoJU63Z0HZEkU=", "last_login": "2023-07-08T18:51:08.011Z", "is_superuser": false, "username": "damirjan2000", "first_name": "Damir", "last_name": "", "email": "damirjan2000@yandex.ru", "is_staff": false, "is_active": true, "date_joined": "2023-07-08T18:50:55.766Z", "groups": [], "user_permissions": []}}, {"model": "auth.user", "pk": 8, "fields": {"password": "pbkdf2_sha256$600000$Wv3ngAEcwo9OIYwN1IuIGe$FbotAasKW0IRdH66UwrFul0xO6cvACmq1hMA3wm+oTc=", "last_login": "2023-07-09T10:09:55.604Z", "is_superuser": false, "username": "damir1000", "first_name": "", "last_name": "", "email": "damir1000@mail.ru", "is_staff": false, "is_active": true, "date_joined": "2023-07-09T10:09:09.984Z", "groups": [], "user_permissions": []}}, {"model": "contenttypes.contenttype", "pk": 1, "fields": {"app_label": "account", "model": "profile"}}, {"model": "contenttypes.contenttype", "pk": 2, "fields": {"app_label": "admin", "model": "logentry"}}, {"model": "contenttypes.contenttype", "pk": 3, "fields": {"app_label": "auth", "model": "permission"}}, {"model": "contenttypes.contenttype", "pk": 4, "fields": {"app_label": "auth", "model": "group"}}, {"model": "contenttypes.contenttype", "pk": 5, "fields": {"app_label": "auth", "model": "user"}}, {"model": "contenttypes.contenttype", "pk": 6, "fields": {"app_label": "contenttypes", "model": "contenttype"}}, {"model": "contenttypes.contenttype", "pk": 7, "fields": {"app_label": "sessions", "model": "session"}}, {"model": "contenttypes.contenttype", "pk": 8, "fields": {"app_label": "tasks", "model": "tasks"}}, {"model": "contenttypes.contenttype", "pk": 9, "fields": {"app_label": "tasks", "model": "testinginput"}}, {"model": "contenttypes.contenttype", "pk": 10, "fields": {"app_label": "tests", "model": "test"}}, {"model": "contenttypes.contenttype", "pk": 11, "fields": {"app_label": "tests", "model": "question"}}, {"model": "contenttypes.contenttype", "pk": 12, "fields": {"app_label": "tests", "model": "answer"}}, {"model": "contenttypes.contenttype", "pk": 13, "fields": {"app_label": "tests", "model": "code"}}, {"model": "contenttypes.contenttype", "pk": 14, "fields": {"app_label": "tests", "model": "result"}}, {"model": "contenttypes.contenttype", "pk": 15, "fields": {"app_label": "taggit", "model": "tag"}}, {"model": "contenttypes.contenttype", "pk": 16, "fields": {"app_label": "taggit", "model": "taggeditem"}}, {"model": "contenttypes.contenttype", "pk": 17, "fields": {"app_label": "tasks", "model": "tasklanguage"}}, {"model": "contenttypes.contenttype", "pk": 18, "fields": {"app_label": "tasks", "model": "result"}}, {"model": "sessions.session", "pk": "9h6ksutnuymmfhvkgo48196achtrd2vc", "fields": {"session_data": ".eJxVjDsOwjAQBe_iGlm2gtcxJT1nsPZnHECJFCdVxN0hUgpo38y8zWRcl5rXpnMexFyMN6ffjZCfOu5AHjjeJ8vTuMwD2V2xB232Nom-rof7d1Cx1W9dgHrk4iQ4AIhRPLC4zgUCEB-7JBjQJwXulJVUyjloSNQLQ6DozfsD9JM4nA:1qH8Ot:4MDB-6UsCnfgzjhOfPAVWv2G01fjmztylPBuA81rt44", "expire_date": "2023-07-19T19:42:55.829Z"}}, {"model": "sessions.session", "pk": "bb0hr8e8h1nwbuzryy81ugv6yv6xried", "fields": {"session_data": ".eJxlkEFvhCAQhf8K4bSbNAYRUTfdS5Mee-3JxIwwVFuDCeqp6X-viI3Y5TCO7z2-mfBNG1jmrlkmdE2v6Y2W9CnWWlBfaL2hP8F-jIka7ez6NvGRZHen5G3UOLzs2ROgg6nztzUWRqVVJiVK4JXQWWmkqbiRWAIr1m8OWpWKcdBQSMWKXPAUmNFZnhZmhap1hiehIQbUPLoehou93mpL1tMbYsn9Ttj-74_DeXGWpEHBYcs8nyPQT0jeYVjw1bnRXWpaL0xw4WvGtgq-Cr71uPVBL6NMSw47M1Eo36qI-jbqNfnPDrZQx-QMScQItgmSjlB4kOL9hDy23OfkD3M2jghKHlYqIkR6ukavf-854eNjW_rzCx-Qr08:1qIdD1:IUOEi2z2t3dmzH7uVkuCIPmtYGElj1kU7bOZUZrZOhg", "expire_date": "2023-07-23T22:48:51.258Z"}}, {"model": "sessions.session", "pk": "kvef1vt15cj0sj13tix4y3h26696ek37", "fields": {"session_data": ".eJx1UMFqwzAM_RXhUzLaEJPFacp6Geyww25jp0KRbSVxl8nFdgZj7N_X0MI6uukkvff0ntCn2OGUht0UKeycFWshxeIS02heiWfC7pF7XxjPKThdzJLizMbiyVsa78_aXwYDxuG43Sm9QtOVti6VUk1jpTK2rMpaK2VlU7UWa5QtKVORIU22u62pbvXKGlXrZr7KHDPmO6iDDk3yweGYcb7eMhzLdcBwB-V5nCugiwQvOE70EIIP2VY88mFK8DbFBJoAgT0vmXpM7p3AcaKewlbkP5Y-gYuOY0I2lPFiFuVXGc8fh_8i-E9b2GygBB9Onbw0pDQFBnlCaIx0TTLcXL4AliBz8fUNgA2QOw:1qIpWF:YFlkuSLpe7VDe-tr65yrCruxsg2xc_hWexv5J6uAdYU", "expire_date": "2023-07-24T11:57:31.667Z"}}, {"model": "tasks.tasks", "pk": 1, "fields": {"title": "JS task #1", "slug": "js-task-1", "author": 1, "description": null, "level": 1, "publish": "2023-07-05T17:51:32Z", "created": "2023-07-05T17:52:55.022Z", "updated": "2023-07-06T15:03:07.311Z", "status": "PB"}}, {"model": "tasks.tasks", "pk": 2, "fields": {"title": "Python task #1", "slug": "python-task-1", "author": 1, "description": "Task Title: Implement an Addition Function in Python\r\n\r\nDescription:\r\n\r\nIn this task, you are required to implement a Python function named add(), which takes two numerical inputs and returns their sum.\r\n\r\nRequirements:\r\n\r\nThe function should be named add.\r\nThe function should take two arguments, both of which are numbers (integers or floating-point numbers).\r\nThe function should return the sum of the two numbers.\r\nThe function should raise an appropriate error if the inputs are not numbers.\r\n\r\nExample:\r\n\r\nassert add(1, 2) == 3\r\nassert add(-1, 1) == 0\r\nassert add(1.5, 2.5) == 4.0\r\n\r\nStretch Goals (optional):\r\n\r\nWrite additional tests for your add function to ensure it behaves as expected in a variety of scenarios.\r\nExtend the add function to accept and correctly handle an arbitrary number of input arguments.\r\n\r\nPlease write your Python code like this:\r\n\r\ndef add(..):\r\n...\r\nreturn ...", "level": 1, "publish": "2023-07-05T17:53:32Z", "created": "2023-07-05T17:54:01.121Z", "updated": "2023-07-07T07:56:52.924Z", "status": "PB"}}, {"model": "tasks.tasks", "pk": 3, "fields": {"title": "Python task #2", "slug": "python-task-2", "author": 1, "description": "Task Title: Implement a Factorial Function in Python\r\nDescription:\r\nIn this task, you are asked to implement a Python function named factorial(), which computes the factorial of a given non-negative integer.\r\nRequirements:\r\n\t\tThe function should be named factorial.\r\n\t\tThe function should take one argument, a non-negative integer n.\r\n\t\tThe function should return the factorial of n. The factorial of n is the product of all positive integers less than or equal to n and it is denoted by n!.\r\n\t\tThe function should raise a ValueError if the input is a negative integer.\r\n\t\tThe function should raise a TypeError if the input is not an integer.\r\nExample:\r\n\r\nassert factorial(0) == 1\r\nassert factorial(1) == 1\r\nassert factorial(2) == 2\r\nassert factorial(3) == 6\r\nassert factorial(4) == 24\r\n\r\nStretch Goals (optional):\r\n\t\tWrite additional tests for your factorial function to ensure it behaves as expected in a variety of scenarios.\r\n\t\tImplement the function using both recursive and iterative approaches and compare the performance.\r\nPlease write your Python code like this:\r\n\r\ndef factorial(...):\r\n...\r\nreturn ...", "level": 2, "publish": "2023-07-05T17:54:16Z", "created": "2023-07-05T17:55:08.602Z", "updated": "2023-07-07T07:57:12.342Z", "status": "PB"}}, {"model": "tasks.tasks", "pk": 4, "fields": {"title": "Task #1", "slug": "task-1", "author": 1, "description": null, "level": 3, "publish": "2023-07-06T15:03:10Z", "created": "2023-07-06T15:03:31.113Z", "updated": "2023-07-06T15:16:49.954Z", "status": "PB"}}, {"model": "tasks.tasks", "pk": 5, "fields": {"title": "PHP #1", "slug": "php-1", "author": 1, "description": null, "level": 1, "publish": "2023-07-06T15:29:15Z", "created": "2023-07-06T15:29:44.526Z", "updated": "2023-07-06T15:29:44.526Z", "status": "DF"}}, {"model": "tasks.tasklanguage", "pk": 1, "fields": {"task": 1, "prog_language": "JS", "test_file": ""}}, {"model": "tasks.tasklanguage", "pk": 2, "fields": {"task": 4, "prog_language": "JS", "test_file": ""}}, {"model": "tasks.tasklanguage", "pk": 3, "fields": {"task": 4, "prog_language": "PY", "test_file": ""}}, {"model": "tasks.tasklanguage", "pk": 4, "fields": {"task": 2, "prog_language": "PY", "test_file": "tasks_tests/python-task-1_id2/test1.py"}}, {"model": "tasks.tasklanguage", "pk": 5, "fields": {"task": 5, "prog_language": "PHP", "test_file": ""}}, {"model": "tasks.tasklanguage", "pk": 6, "fields": {"task": 3, "prog_language": "PY", "test_file": "tasks_tests/python-task-2_id3/test2.py"}}, {"model": "tasks.result", "pk": 2, "fields": {"user": 5, "task": 2, "passed": false, "exp_gain": 0, "prog_language": "PY", "result_code": "", "date": "2023-07-08T18:47:23.218Z", "code": "def add(a,b):\n    return a", "file_name": "task2", "result": null}}, {"model": "tasks.result", "pk": 3, "fields": {"user": 5, "task": 2, "passed": true, "exp_gain": 0, "prog_language": "PY", "result_code": "", "date": "2023-07-08T18:47:23.218Z", "code": "def add(a,b):\n    return a+b", "file_name": "task2", "result": null}}, {"model": "tasks.result", "pk": 4, "fields": {"user": 5, "task": 2, "passed": true, "exp_gain": 0, "prog_language": "PY", "result_code": "", "date": "2023-07-08T18:47:23.218Z", "code": "def add(a,b):\n    return a+b", "file_name": "task2", "result": null}}, {"model": "tasks.result", "pk": 5, "fields": {"user": 5, "task": 2, "passed": true, "exp_gain": 0, "prog_language": "PY", "result_code": "", "date": "2023-07-08T18:47:23.218Z", "code": "def add(a,b):\n    return a+b", "file_name": "task2", "result": null}}, {"model": "tasks.result", "pk": 6, "fields": {"user": 5, "task": 2, "passed": true, "exp_gain": 0, "prog_language": "PY", "result_code": "", "date": "2023-07-08T18:47:23.218Z", "code": "def add(a,b):\n    return a+b", "file_name": "task2", "result": null}}, {"model": "tasks.result", "pk": 7, "fields": {"user": 5, "task": 2, "passed": true, "exp_gain": 0, "prog_language": "PY", "result_code": "", "date": "2023-07-08T18:47:23.218Z", "code": "def add(a,b):\n    return a+b", "file_name": "task2", "result": null}}, {"model": "tasks.result", "pk": 8, "fields": {"user": 5, "task": 2, "passed": true, "exp_gain": 0, "prog_language": "PY", "result_code": "", "date": "2023-07-08T18:47:23.218Z", "code": "def add(a,b):\n    return a+b", "file_name": "task2", "result": null}}, {"model": "tasks.result", "pk": 9, "fields": {"user": 5, "task": 2, "passed": true, "exp_gain": 0, "prog_language": "PY", "result_code": "", "date": "2023-07-08T18:47:23.218Z", "code": "def add(a,b):\n    return a+b", "file_name": "task2", "result": null}}, {"model": "tasks.result", "pk": 10, "fields": {"user": 5, "task": 2, "passed": true, "exp_gain": 0, "prog_language": "PY", "result_code": "", "date": "2023-07-08T18:47:23.218Z", "code": "def add(a,b):\n    return a+b", "file_name": "task2", "result": null}}, {"model": "tasks.result", "pk": 11, "fields": {"user": 5, "task": 2, "passed": true, "exp_gain": 0, "prog_language": "PY", "result_code": "", "date": "2023-07-08T18:47:23.218Z", "code": "def add(a,b):\n    return a+b", "file_name": "task2", "result": null}}, {"model": "tasks.result", "pk": 12, "fields": {"user": 5, "task": 2, "passed": true, "exp_gain": 0, "prog_language": "PY", "result_code": "", "date": "2023-07-08T18:47:23.218Z", "code": "def add(a,b):\n    return a+b", "file_name": "task2", "result": null}}, {"model": "tasks.result", "pk": 13, "fields": {"user": 5, "task": 3, "passed": true, "exp_gain": 0, "prog_language": "PY", "result_code": "", "date": "2023-07-08T18:47:23.218Z", "code": "def factorial(n):\n    if n < 0:\n        raise ValueError(\"Input must be a non-negative integer\")\n    if not isinstance(n, int):\n        raise TypeError(\"Input must be an integer\")\n    if n == 0 or n == 1:\n        return 1\n    else:\n        return n * factorial(n - 1)", "file_name": "task3", "result": null}}, {"model": "tasks.result", "pk": 14, "fields": {"user": 7, "task": 2, "passed": false, "exp_gain": 0, "prog_language": "PY", "result_code": "", "date": "2023-07-08T18:51:32.644Z", "code": "def add(a,b):\n    return a", "file_name": "task2", "result": null}}, {"model": "tasks.result", "pk": 15, "fields": {"user": 7, "task": 2, "passed": true, "exp_gain": 0, "prog_language": "PY", "result_code": "", "date": "2023-07-08T18:51:44.701Z", "code": "def add(a,b):\n    return a+b", "file_name": "task2", "result": null}}, {"model": "tasks.result", "pk": 16, "fields": {"user": 7, "task": 3, "passed": true, "exp_gain": 0, "prog_language": "PY", "result_code": "", "date": "2023-07-08T19:57:51.736Z", "code": "# factorial.py\n\ndef factorial(n):\n    if n < 0:\n        raise ValueError(\"Input must be a non-negative integer\")\n    if not isinstance(n, int):\n        raise TypeError(\"Input must be an integer\")\n    if n == 0 or n == 1:\n        return 1\n    else:\n        return n * factorial(n - 1)\n", "file_name": "task3", "result": null}}, {"model": "tasks.result", "pk": 17, "fields": {"user": 7, "task": 2, "passed": false, "exp_gain": 0, "prog_language": "PY", "result_code": "", "date": "2023-07-09T10:01:25.858Z", "code": "def add(a,b):\n    return a", "file_name": "task2", "result": null}}, {"model": "tasks.result", "pk": 18, "fields": {"user": 7, "task": 2, "passed": true, "exp_gain": 0, "prog_language": "PY", "result_code": "", "date": "2023-07-09T10:01:30.553Z", "code": "def add(a,b):\n    return a+b", "file_name": "task2", "result": null}}, {"model": "tasks.result", "pk": 19, "fields": {"user": 8, "task": 2, "passed": false, "exp_gain": 0, "prog_language": "PY", "result_code": "", "date": "2023-07-09T10:10:56.189Z", "code": "def add(a,b):\n    return a", "file_name": "task2", "result": null}}, {"model": "tasks.result", "pk": 20, "fields": {"user": 8, "task": 2, "passed": true, "exp_gain": 0, "prog_language": "PY", "result_code": "", "date": "2023-07-09T10:11:14.175Z", "code": "def add(a,b):\n    return a+b", "file_name": "task2", "result": null}}, {"model": "tasks.result", "pk": 21, "fields": {"user": 8, "task": 2, "passed": false, "exp_gain": 0, "prog_language": "PY", "result_code": "", "date": "2023-07-09T22:41:07.682Z", "code": "def add(a,b):\n    return a", "file_name": "task2", "result": null}}, {"model": "tasks.result", "pk": 22, "fields": {"user": 8, "task": 2, "passed": true, "exp_gain": 0, "prog_language": "PY", "result_code": "", "date": "2023-07-09T22:41:14.659Z", "code": "def add(a,b):\n    return a+b", "file_name": "task2", "result": null}}, {"model": "tasks.result", "pk": 23, "fields": {"user": 8, "task": 2, "passed": false, "exp_gain": 0, "prog_language": "PY", "result_code": "", "date": "2023-07-09T22:45:20.755Z", "code": "def add(a,b):\n    return a", "file_name": "task2", "result": null}}, {"model": "tasks.result", "pk": 24, "fields": {"user": 8, "task": 2, "passed": false, "exp_gain": 0, "prog_language": "PY", "result_code": "", "date": "2023-07-09T22:45:32.857Z", "code": "def add(a,b):\n    return a", "file_name": "task2", "result": null}}, {"model": "tasks.result", "pk": 25, "fields": {"user": 8, "task": 2, "passed": true, "exp_gain": 0, "prog_language": "PY", "result_code": "", "date": "2023-07-09T22:46:55.325Z", "code": "def add(a,b):\n    return a+b", "file_name": "task2", "result": null}}, {"model": "tasks.result", "pk": 26, "fields": {"user": 8, "task": 2, "passed": false, "exp_gain": 0, "prog_language": "PY", "result_code": "", "date": "2023-07-09T22:47:00.067Z", "code": "def add(a,b):\n    return a", "file_name": "task2", "result": null}}, {"model": "tasks.result", "pk": 27, "fields": {"user": 8, "task": 2, "passed": true, "exp_gain": 0, "prog_language": "PY", "result_code": "", "date": "2023-07-09T22:47:08.502Z", "code": "def add(a,b):\n    return a+b", "file_name": "task2", "result": null}}, {"model": "tasks.result", "pk": 28, "fields": {"user": 8, "task": 3, "passed": true, "exp_gain": 0, "prog_language": "PY", "result_code": "", "date": "2023-07-09T22:48:42.466Z", "code": "def factorial(n):\n    if n == 0:\n        return 1\n    elif n < 0:\n        raise ValueError(\"     \")\n    else:\n        return n * factorial(n - 1)", "file_name": "task3", "result": null}}, {"model": "tasks.result", "pk": 29, "fields": {"user": 8, "task": 3, "passed": false, "exp_gain": 0, "prog_language": "PY", "result_code": "", "date": "2023-07-09T22:48:51.250Z", "code": "def factorial(n):\n    if n == 0:\n        return 1\n    elif n < 0:\n        raise ValueError(\"     \")\n    else:\n        return n", "file_name": "task3", "result": null}}, {"model": "tasks.result", "pk": 30, "fields": {"user": 1, "task": 2, "passed": true, "exp_gain": 3, "prog_language": "PY", "result_code": "", "date": "2023-07-10T11:34:09.235Z", "code": "def add(a,b):\n    return a+b", "file_name": "task2", "result": null}}, {"model": "tasks.result", "pk": 31, "fields": {"user": 1, "task": 2, "passed": false, "exp_gain": 0, "prog_language": "PY", "result_code": "", "date": "2023-07-10T11:34:12.899Z", "code": "def add(a,b):\n    return a", "file_name": "task2", "result": null}}, {"model": "tasks.result", "pk": 32, "fields": {"user": 1, "task": 2, "passed": true, "exp_gain": 3, "prog_language": "PY", "result_code": "", "date": "2023-07-10T11:34:22.796Z", "code": "def add(a,b):\n    return a+b", "file_name": "task2", "result": null}}, {"model": "tasks.result", "pk": 33, "fields": {"user": 1, "task": 2, "passed": true, "exp_gain": 3, "prog_language": "PY", "result_code": "", "date": "2023-07-10T11:45:34.467Z", "code": "def add(a,b):\n    return a+b", "file_name": "task2", "result": null}}, {"model": "tasks.result", "pk": 34, "fields": {"user": 1, "task": 3, "passed": true, "exp_gain": 6, "prog_language": "PY", "result_code": "", "date": "2023-07-10T11:56:48.759Z", "code": "def factorial(n):\n    if n < 0:\n        raise ValueError(\"Input must be a non-negative integer\")\n    if not isinstance(n, int):\n        raise TypeError(\"Input must be an integer\")\n    if n == 0 or n == 1:\n        return 1\n    else:\n        return n * factorial(n - 1)", "file_name": "task3", "result": null}}, {"model": "tasks.result", "pk": 35, "fields": {"user": 1, "task": 3, "passed": false, "exp_gain": 0, "prog_language": "PY", "result_code": "", "date": "2023-07-10T11:57:00.012Z", "code": "def factorial(n):\n    if n < 0:\n        raise ValueError(\"Input must be a non-negative integer\")\n    if not isinstance(n, int):\n        raise TypeError(\"Input must be an integer\")\n    if n == 0 or n == 1:\n        return 1\n    else:\n        return n", "file_name": "task3", "result": null}}, {"model": "tasks.result", "pk": 36, "fields": {"user": 1, "task": 3, "passed": true, "exp_gain": 6, "prog_language": "PY", "result_code": "", "date": "2023-07-01T11:57:31Z", "code": "def factorial(n):\r\n    if n < 0:\r\n        raise ValueError(\"Input must be a non-negative integer\")\r\n    if not isinstance(n, int):\r\n        raise TypeError(\"Input must be an integer\")\r\n    if n == 0 or n == 1:\r\n        return 1\r\n    else:\r\n        return n * factorial(n - 1)", "file_name": "task3", "result": ""}}, {"model": "tests.test", "pk": 1, "fields": {"author": 1, "title": "Python #1", "slug": "python-1", "score_to_pass": 80, "experience": 2, "prog_language": "PY", "publish": "2023-07-05T17:14:18Z", "created": "2023-07-05T17:16:09.828Z", "updated": "2023-07-06T11:37:19.220Z", "status": "PB"}}, {"model": "tests.test", "pk": 2, "fields": {"author": 1, "title": "JS Test #1", "slug": "js-test-1", "score_to_pass": 100, "experience": 1, "prog_language": "JS", "publish": "2023-07-05T17:41:38Z", "created": "2023-07-05T17:43:09.656Z", "updated": "2023-07-06T11:37:29.186Z", "status": "PB"}}, {"model": "tests.test", "pk": 3, "fields": {"author": 1, "title": "What do you know about tags?", "slug": "what-do-you-know-about-tags", "score_to_pass": 80, "experience": 1, "prog_language": "HTML", "publish": "2023-07-05T17:44:04Z", "created": "2023-07-05T17:45:02.062Z", "updated": "2023-07-05T17:45:02.062Z", "status": "DF"}}, {"model": "tests.test", "pk": 4, "fields": {"author": 1, "title": "Databases", "slug": "databases", "score_to_pass": 70, "experience": 0, "prog_language": "SQL", "publish": "2023-07-05T17:45:06Z", "created": "2023-07-05T17:45:52.455Z", "updated": "2023-07-05T17:45:52.455Z", "status": "DF"}}, {"model": "tests.test", "pk": 5, "fields": {"author": 1, "title": "Python #2", "slug": "python-2", "score_to_pass": 90, "experience": 1, "prog_language": "PY", "publish": "2023-07-05T17:45:52Z", "created": "2023-07-05T17:46:22.212Z", "updated": "2023-07-05T17:46:22.212Z", "status": "DF"}}, {"model": "tests.question", "pk": 1, "fields": {"test": 1, "prompt": "Choise Yes", "answer_type": "SC"}}, {"model": "tests.question", "pk": 2, "fields": {"test": 1, "prompt": "What is a tesult of code below?", "answer_type": "WR"}}, {"model": "tests.question", "pk": 3, "fields": {"test": 1, "prompt": "All yes", "answer_type": "MC"}}, {"model": "tests.question", "pk": 4, "fields": {"test": 1, "prompt": "Print 2", "answer_type": "WR"}}, {"model": "tests.question", "pk": 5, "fields": {"test": 1, "prompt": "Choise Yes", "answer_type": "SC"}}, {"model": "tests.question", "pk": 6, "fields": {"test": 2, "prompt": "Choise Yes", "answer_type": "SC"}}, {"model": "tests.question", "pk": 7, "fields": {"test": 2, "prompt": "All yes", "answer_type": "MC"}}, {"model": "tests.answer", "pk": 1, "fields": {"question": 1, "text": "Yes", "correct": true}}, {"model": "tests.answer", "pk": 2, "fields": {"question": 1, "text": "Hahahahah", "correct": false}}, {"model": "tests.answer", "pk": 3, "fields": {"question": 1, "text": "Nooo", "correct": false}}, {"model": "tests.answer", "pk": 4, "fields": {"question": 2, "text": "3", "correct": true}}, {"model": "tests.answer", "pk": 5, "fields": {"question": 3, "text": "Yes", "correct": true}}, {"model": "tests.answer", "pk": 6, "fields": {"question": 3, "text": "yes", "correct": true}}, {"model": "tests.answer", "pk": 7, "fields": {"question": 3, "text": "no", "correct": false}}, {"model": "tests.answer", "pk": 8, "fields": {"question": 3, "text": "Oh, no", "correct": false}}, {"model": "tests.answer", "pk": 9, "fields": {"question": 3, "text": "Yes", "correct": true}}, {"model": "tests.answer", "pk": 10, "fields": {"question": 4, "text": "2", "correct": true}}, {"model": "tests.answer", "pk": 11, "fields": {"question": 5, "text": "Yes", "correct": true}}, {"model": "tests.answer", "pk": 12, "fields": {"question": 5, "text": "Ou", "correct": false}}, {"model": "tests.answer", "pk": 13, "fields": {"question": 5, "text": "No, no", "correct": false}}, {"model": "tests.answer", "pk": 14, "fields": {"question": 7, "text": "Yes", "correct": true}}, {"model": "tests.answer", "pk": 15, "fields": {"question": 7, "text": "Hahahahah", "correct": false}}, {"model": "tests.answer", "pk": 16, "fields": {"question": 7, "text": "yes", "correct": true}}, {"model": "tests.answer", "pk": 17, "fields": {"question": 6, "text": "Yes", "correct": true}}, {"model": "tests.answer", "pk": 18, "fields": {"question": 6, "text": "Nooo", "correct": false}}, {"model": "tests.answer", "pk": 19, "fields": {"question": 6, "text": "Oh, no", "correct": false}}, {"model": "tests.code", "pk": 1, "fields": {"question": 2, "text": "\\#comment string\r\n\r\nprint(3)"}}, {"model": "tests.result", "pk": 6, "fields": {"user": 1, "test": 1, "passed": true, "score": 100, "exp_gain": 2, "date": "2023-05-07T11:02:57Z"}}, {"model": "tests.result", "pk": 7, "fields": {"user": 8, "test": 1, "passed": true, "score": 80, "exp_gain": 2, "date": "2023-07-10T11:02:57.257Z"}}, {"model": "tests.result", "pk": 8, "fields": {"user": 1, "test": 2, "passed": true, "score": 100, "exp_gain": 1, "date": "2023-07-10T11:22:04.234Z"}}, {"model": "tests.result", "pk": 9, "fields": {"user": 1, "test": 1, "passed": true, "score": 100, "exp_gain": 2, "date": "2023-07-10T11:22:22.354Z"}}, {"model": "taggit.tag", "pk": 1, "fields": {"name": "test-tag1", "slug": "test-tag1"}}, {"model": "taggit.tag", "pk": 2, "fields": {"name": "test-tag2", "slug": "test-tag2"}}, {"model": "taggit.tag", "pk": 3, "fields": {"name": "test-tag3", "slug": "test-tag3"}}, {"model": "taggit.tag", "pk": 4, "fields": {"name": "task-teg", "slug": "task-teg"}}, {"model": "taggit.tag", "pk": 5, "fields": {"name": "task-teg2", "slug": "task-teg2"}}, {"model": "taggit.tag", "pk": 6, "fields": {"name": "task-teg1", "slug": "task-teg1"}}, {"model": "taggit.tag", "pk": 7, "fields": {"name": "task-tag3", "slug": "task-tag3"}}, {"model": "taggit.tag", "pk": 8, "fields": {"name": "teg1", "slug": "teg1"}}, {"model": "taggit.taggeditem", "pk": 1, "fields": {"tag": 1, "content_type": 10, "object_id": 1}}, {"model": "taggit.taggeditem", "pk": 2, "fields": {"tag": 2, "content_type": 10, "object_id": 1}}, {"model": "taggit.taggeditem", "pk": 3, "fields": {"tag": 1, "content_type": 10, "object_id": 2}}, {"model": "taggit.taggeditem", "pk": 4, "fields": {"tag": 2, "content_type": 10, "object_id": 3}}, {"model": "taggit.taggeditem", "pk": 5, "fields": {"tag": 3, "content_type": 10, "object_id": 4}}, {"model": "taggit.taggeditem", "pk": 6, "fields": {"tag": 1, "content_type": 10, "object_id": 5}}, {"model": "taggit.taggeditem", "pk": 7, "fields": {"tag": 2, "content_type": 10, "object_id": 5}}, {"model": "taggit.taggeditem", "pk": 8, "fields": {"tag": 4, "content_type": 8, "object_id": 1}}, {"model": "taggit.taggeditem", "pk": 9, "fields": {"tag": 4, "content_type": 8, "object_id": 2}}, {"model": "taggit.taggeditem", "pk": 10, "fields": {"tag": 5, "content_type": 8, "object_id": 3}}, {"model": "taggit.taggeditem", "pk": 11, "fields": {"tag": 6, "content_type": 8, "object_id": 3}}, {"model": "taggit.taggeditem", "pk": 12, "fields": {"tag": 7, "content_type": 8, "object_id": 3}}, {"model": "taggit.taggeditem", "pk": 13, "fields": {"tag": 5, "content_type": 8, "object_id": 4}}, {"model": "taggit.taggeditem", "pk": 14, "fields": {"tag": 6, "content_type": 8, "object_id": 4}}, {"model": "taggit.taggeditem", "pk": 15, "fields": {"tag": 8, "content_type": 8, "object_id": 5}}]